Prompt,Temperature,Top_K,Generated_Text
Artificial Intelligence is,0.2,20,Artificial Intelligence is a new field in artificial intelligence. It is a new field in artificial intelligence that is not based on any existing technology. It is based on the idea that the human brain is a machine. The brain is a machine that is able to process information.
Artificial Intelligence is,0.2,50,Artificial Intelligence is a new field in the field of artificial intelligence. It is a new field in the field of artificial intelligence that is based on the artificial intelligence. Artificial intelligence is a new field in the field of artificial intelligence that is based on the artificial intelligence. Artificial
Artificial Intelligence is,0.2,100,Artificial Intelligence is a new field that is being explored by the AI community. It is a new field that is being explored by the AI community. Artificial Intelligence is a new field that is being explored by the AI community. Artificial Intelligence is a new field that is being
Artificial Intelligence is,0.7,20,"Artificial Intelligence is a new era in artificial intelligence, specifically in the field of artificial intelligence to provide real-time predictions and analytics, and can be used to create models for predictive analytics. For example, artificial intelligence can be used to predict a user's gender.
"
Artificial Intelligence is,0.7,50,"Artificial Intelligence is a field that is being studied and used by the artificial intelligence community. It is a field that is used by the artificial intelligence community by the amount of data that is being collected.

A natural question that arises when the artificial intelligence community is interested"
Artificial Intelligence is,0.7,100,"Artificial Intelligence is the art of bringing artificial intelligence to life. It’s not something you can get away with in your day to day life, it’s something you can get away with in your life. There are many different types of artificial intelligence,"
Artificial Intelligence is,1.0,20,"Artificial Intelligence is Now More Common, More Likely to Be Successful

The science of artificial intelligence has changed greatly in the past few years. The current research is the first that can be used to demonstrate its potential to be a new breed of AI by giving humans"
Artificial Intelligence is,1.0,50,"Artificial Intelligence is a term coined by scientists in recent years to describe the design and application of any computer to biological (biological and non-biological) computer hardware. There are three main goals:
1) Artificial intelligence is a system of systems, or algorithms"
Artificial Intelligence is,1.0,100,"Artificial Intelligence is the name given to what has been called virtual reality (VR) computing. In the 1980s, computer software that was embedded in real-world computing existed and continued to do so.

When the term 'virtual computing' comes into use,"
